{
  "hash": "7fbb0ae5",
  "configHash": "a7c569cc",
  "lockfileHash": "98c40366",
  "browserHash": "42a66075",
  "optimized": {
    "@angular/common": {
      "src": "../../../../../../node_modules/@angular/common/fesm2022/common.mjs",
      "file": "@angular_common.js",
      "fileHash": "1087aa5b",
      "needsInterop": false
    },
    "@angular/common/http": {
      "src": "../../../../../../node_modules/@angular/common/fesm2022/http.mjs",
      "file": "@angular_common_http.js",
      "fileHash": "b53e4da5",
      "needsInterop": false
    },
    "@angular/core": {
      "src": "../../../../../../node_modules/@angular/core/fesm2022/core.mjs",
      "file": "@angular_core.js",
      "fileHash": "35077097",
      "needsInterop": false
    },
    "@angular/platform-browser": {
      "src": "../../../../../../node_modules/@angular/platform-browser/fesm2022/platform-browser.mjs",
      "file": "@angular_platform-browser.js",
      "fileHash": "05a46413",
      "needsInterop": false
    },
    "@angular/router": {
      "src": "../../../../../../node_modules/@angular/router/fesm2022/router.mjs",
      "file": "@angular_router.js",
      "fileHash": "c0b1aa52",
      "needsInterop": false
    },
    "rxjs": {
      "src": "../../../../../../node_modules/rxjs/dist/esm5/index.js",
      "file": "rxjs.js",
      "fileHash": "5351cd75",
      "needsInterop": false
    },
    "zone.js": {
      "src": "../../../../../../node_modules/zone.js/fesm2015/zone.js",
      "file": "zone__js.js",
      "fileHash": "4b5b0177",
      "needsInterop": true
    },
    "rxjs/operators": {
      "src": "../../../../../../node_modules/rxjs/dist/esm5/operators/index.js",
      "file": "rxjs_operators.js",
      "fileHash": "21153068",
      "needsInterop": false
    }
  },
  "chunks": {
    "chunk-KCXNR6YU": {
      "file": "chunk-KCXNR6YU.js"
    },
    "chunk-XZOS5A5C": {
      "file": "chunk-XZOS5A5C.js"
    },
    "chunk-LGTTDK2X": {
      "file": "chunk-LGTTDK2X.js"
    },
    "chunk-AGCF4D2E": {
      "file": "chunk-AGCF4D2E.js"
    },
    "chunk-KNULTL4N": {
      "file": "chunk-KNULTL4N.js"
    },
    "chunk-LQKJR2HS": {
      "file": "chunk-LQKJR2HS.js"
    },
    "chunk-NGWI62ZP": {
      "file": "chunk-NGWI62ZP.js"
    },
    "chunk-73FCWE6J": {
      "file": "chunk-73FCWE6J.js"
    },
    "chunk-GOMI4DH3": {
      "file": "chunk-GOMI4DH3.js"
    }
  }
}