{
  "DEV": {
    "ConnectionSettings": {
      "AS400": {
        "KeyDecrypt": "THFMazJTUzk4NnVVSTJ6RitLbnFCdz09LCtGMUZ0OVZoNXRCblhjdjE0NnV4eEVnQkpMbDdqdzhpZUQ5KytibmxZQ2c9",
        "DriverConnection": "IBMDASQL.DataSource.1",
        "ServerName": "166.178.81.19",
        "User": "3DN6z5oD2n4lTx4ZceqHdA==",
        "Password": "TL6CrTtc3JmQDRl8nzhq6w==",
        "EncryptionType": "MODIFICADO"
      }
    },
    "DiasConsultaTarjeta": "15",
    "Domain": "daviviendahn.dvhn",
    "ActiveDirectory": "HN-Apps_Impresion_Tarjetas_Debito_Ingreso_DEV_UAT-S-G"
  },
  "UAT": {
    "ConnectionSettings": {
      "AS400": {
        "KeyDecrypt": "dWRyUE92V0tuRjlIZ05rYkdOSHRmUT09LHkwQVlhZVJKYTFyRDVIN0YxeDBOd1pvazFNUTJ1eTVHY1lHVld1ejIvSkk9",
        "DriverConnection": "IBMDASQL.DataSource.1",
        "ServerName": "166.178.82.19",
        "User": "713LWsxEIE+21tLxratCRg==",
        "Password": "HwvwqPOuQGsiVuSkJcHaZQ==",
        "EncryptionType": "MODIFICADO"
      }
    },
    "DiasConsultaTarjeta": "15",
    "Domain": "daviviendahn.dvhn",
    "ActiveDirectory": "HN-Apps_Impresion_Tarjetas_Debito_Ingreso_DEV_UAT-S-G"
  },
  "PROD": {
    "ConnectionSettings": {
      "AS400": {
        "KeyDecrypt": "aWZTTWljbEFGNFp2SS9oWjBnN3dYdz09LGp0WjVjVFI1SEdxY2RUVEthTFVQUkdVbW1MT1k2dS93RWpUUkQzQmZ4Nkk9",
        "DriverConnection": "IBMDASQL.DataSource.1",
        "ServerName": "166.178.81.19",
        "User": "Nm3bF/S6OI3WxV2Npbn5ew==",
        "Password": "tmSE8EX0gM0EERKzEWDlNg==",
        "EncryptionType": "MODIFICADO"
      }
    },
    "DiasConsultaTarjeta": "15",
    "Domain": "daviviendahn.dvhn",
    "ActiveDirectory": "HN-Apps_Impresion_Tarjetas_Debito_Ingreso_PRD-S-G"
  }
}

 