{
  "DEV": {
    "ConnectionSettings": {
      "AS400": {
        "DriverConnection": "IBMDASQL.DataSource.1",
        "ServerName": "166.178.81.19",
        "User": "v4gSFKxN5tiU0GJdh3AxzA==",
        "Password": "EUpo8hrSy8O07gFpvvPe/A== ",
        "KeyDecrypt": "aWZTTWljbEFGNFp2SS9oWjBnN3dYdz09LGp0WjVjVFI1SEdxY2RUVEthTFVQUkdVbW1MT1k2dS93RWpUUkQzQmZ4Nkk9",
        "EncryptionType": "MODIFICADO",
        "ContenedorVideos": "C:\\Marquesin\\"
        //"ContenedorVideos": "\\\\HNCSTG015243WAP\\Marquesin\\"
      }
    }
    
  },
  "UAT": {
    "ConnectionSettings": {
      "AS400": {
        "KeyDecrypt": "aWZTTWljbEFGNFp2SS9oWjBnN3dYdz09LGp0WjVjVFI1SEdxY2RUVEthTFVQUkdVbW1MT1k2dS93RWpUUkQzQmZ4Nkk9",
        "DriverConnection": "IBMDASQL.DataSource.1",
        "ServerName": "166.178.82.19",
        "User": "Nm3bF/S6OI3WxV2Npbn5ew==",
        "Password": "x9g3Bue45QcKLlCMqZG9BQ==",
        "EncryptionType": "MODIFICADO",
        "ContenedorVideos": "\\\\HNCSTG015243WAP\\Marquesin\\"
      }
    }
    

  },
  "PROD": {
    "ConnectionSettings": {
      "AS400": {
        "KeyDecrypt": "aWZTTWljbEFGNFp2SS9oWjBnN3dYdz09LGp0WjVjVFI1SEdxY2RUVEthTFVQUkdVbW1MT1k2dS93RWpUUkQzQmZ4Nkk9",
        "DriverConnection": "IBMDASQL.DataSource.1",
        "ServerName": "166.178.1.9",
        "User": "5pPzO4J4LSAzq9BRMijM2g==",
        "Password": "1Fes1hbPB5XtmmZWkFvbWw==",
        "EncryptionType": "MODIFICADO",
        "ContenedorVideos": "\\\\HNCSTG010095WAP\\Marquesin\\"
      }
    }    
  }
}